{"bot_id": "0001020300010203", "x": 0.5, "y": 0.5, "z": 0}
{"bot_id": "0001020300010203", "x": 0.5799999999999998, "y": 0.9999999999999999, "z": 0}
{"bot_id": "0001020300010203", "x": 0.36999999999999983, "y": 1.5000000000000002, "z": 0}
{"bot_id": "0001020300010203", "x": 0.1499999999999998, "y": 2.0000000000000004, "z": 0}
{"bot_id": "0001020300010203", "x": 0.1799999999999998, "y": 2.460000000000001, "z": 0}
{"bot_id": "0001020300010203", "x": 0.1899999999999998, "y": 2.4700000000000006, "z": 0}
{"bot_id": "0001020300010203", "x": 0.1899999999999998, "y": 2.4700000000000006, "z": 0}
{"bot_id": "0001020300010203", "x": 0.1799999999999998, "y": 2.4700000000000006, "z": 0}
{"bot_id": "0001020300010203", "x": 0.1799999999999998, "y": 2.460000000000001, "z": 0}
{"bot_id": "0001020300010203", "x": 0.1899999999999998, "y": 2.480000000000001, "z": 0}
{"bot_id": "0001020300010203", "x": 0.16999999999999982, "y": 2.470000000000001, "z": 0}
{"bot_id": "0001020300010203", "x": 0.17999999999999983, "y": 2.470000000000001, "z": 0}
{"bot_id": "0001020300010203", "x": 0.17999999999999983, "y": 2.4600000000000013, "z": 0}
{"bot_id": "0001020300010203", "x": 0.18999999999999984, "y": 2.4500000000000015, "z": 0}
{"bot_id": "0001020300010203", "x": 0.17999999999999983, "y": 2.4400000000000017, "z": 0}
{"bot_id": "0001020300010203", "x": 0.16999999999999982, "y": 2.4600000000000017, "z": 0}
{"bot_id": "0001020300010203", "x": 0.17999999999999983, "y": 2.4700000000000015, "z": 0}
{"bot_id": "0001020300010203", "x": 0.18999999999999984, "y": 2.4700000000000015, "z": 0}
{"bot_id": "0001020300010203", "x": 0.17999999999999983, "y": 2.4600000000000017, "z": 0}
{"bot_id": "0001020300010203", "x": 0.18999999999999984, "y": 2.4600000000000017, "z": 0}
{"bot_id": "0001020300010203", "x": 0.19999999999999984, "y": 2.450000000000002, "z": 0}
{"bot_id": "0001020300010203", "x": 0.11999999999999984, "y": 2.450000000000002, "z": 0}
{"bot_id": "0001020300010203", "x": 0.10999999999999985, "y": 2.440000000000002, "z": 0}
{"bot_id": "0001020300010203", "x": 0.13999999999999985, "y": 2.460000000000002, "z": 0}
{"bot_id": "0001020300010203", "x": 0.11999999999999984, "y": 2.4300000000000024, "z": 0}
{"bot_id": "0001020300010203", "x": 0.13999999999999985, "y": 2.4300000000000024, "z": 0}
{"bot_id": "0001020300010203", "x": 0.12999999999999984, "y": 2.4500000000000024, "z": 0}
{"bot_id": "0001020300010203", "x": 0.12999999999999984, "y": 2.4300000000000024, "z": 0}
{"bot_id": "0001020300010203", "x": 0.12999999999999984, "y": 2.4300000000000024, "z": 0}
{"bot_id": "0001020300010203", "x": 0.06999999999999984, "y": 2.3900000000000023, "z": 0}
{"bot_id": "0001020300010203", "x": 0.05999999999999984, "y": 2.400000000000002, "z": 0}
{"bot_id": "0001020300010203", "x": 0.11999999999999983, "y": 2.450000000000002, "z": 0}
{"bot_id": "0001020300010203", "x": 0.11999999999999983, "y": 2.420000000000002, "z": 0}
{"bot_id": "0001020300010203", "x": 0.08999999999999983, "y": 2.4100000000000024, "z": 0}
{"bot_id": "0001020300010203", "x": 0.08999999999999983, "y": 2.4100000000000024, "z": 0}
{"bot_id": "0001020300010203", "x": 0.07999999999999984, "y": 2.420000000000002, "z": 0}
{"bot_id": "0001020300010203", "x": 0.07999999999999984, "y": 2.420000000000002, "z": 0}
{"bot_id": "0001020300010203", "x": 0.11999999999999983, "y": 2.430000000000002, "z": 0}
{"bot_id": "0001020300010203", "x": 0.09999999999999983, "y": 2.430000000000002, "z": 0}
{"bot_id": "0001020300010203", "x": 0.11999999999999983, "y": 2.4400000000000017, "z": 0}
{"bot_id": "0001020300010203", "x": 0.09999999999999983, "y": 2.4200000000000017, "z": 0}
{"bot_id": "0001020300010203", "x": 0.11999999999999983, "y": 2.410000000000002, "z": 0}
{"bot_id": "0001020300010203", "x": 0.11999999999999983, "y": 2.410000000000002, "z": 0}
{"bot_id": "0001020300010203", "x": 0.11999999999999983, "y": 2.430000000000002, "z": 0}
{"bot_id": "0001020300010203", "x": 0.11999999999999983, "y": 2.4400000000000017, "z": 0}
{"bot_id": "0001020300010203", "x": 0.07999999999999982, "y": 2.410000000000002, "z": 0}
{"bot_id": "0001020300010203", "x": 0.03999999999999982, "y": 2.380000000000002, "z": 0}
{"bot_id": "0001020300010203", "x": 0.08999999999999983, "y": 2.410000000000002, "z": 0}
{"bot_id": "0001020300010203", "x": 0.13999999999999985, "y": 2.450000000000002, "z": 0}
{"bot_id": "0001020300010203", "x": 0.16999999999999985, "y": 2.4600000000000017, "z": 0}
{"bot_id": "0001020300010203", "x": 0.19999999999999984, "y": 2.450000000000002, "z": 0}
{"bot_id": "0001020300010203", "x": 0.18999999999999984, "y": 2.440000000000002, "z": 0}
{"bot_id": "0001020300010203", "x": 0.18999999999999984, "y": 2.450000000000002, "z": 0}
{"bot_id": "0001020300010203", "x": 0.18999999999999984, "y": 2.4800000000000018, "z": 0}
{"bot_id": "0001020300010203", "x": 0.18999999999999984, "y": 2.4800000000000018, "z": 0}
{"bot_id": "0001020300010203", "x": 0.18999999999999984, "y": 2.470000000000002, "z": 0}
{"bot_id": "0001020300010203", "x": 0.18999999999999984, "y": 2.460000000000002, "z": 0}
{"bot_id": "0001020300010203", "x": 0.18999999999999984, "y": 2.460000000000002, "z": 0}
{"bot_id": "0001020300010203", "x": 0.18999999999999984, "y": 2.460000000000002, "z": 0}
{"bot_id": "0001020300010203", "x": 0.18999999999999984, "y": 2.480000000000002, "z": 0}
{"bot_id": "0001020300010203", "x": 0.16999999999999985, "y": 2.460000000000002, "z": 0}
{"bot_id": "0001020300010203", "x": 0.19999999999999984, "y": 2.480000000000002, "z": 0}
{"bot_id": "0001020300010203", "x": 0.21999999999999983, "y": 2.480000000000002, "z": 0}
{"bot_id": "0001020300010203", "x": 0.17999999999999983, "y": 2.4700000000000024, "z": 0}
{"bot_id": "0001020300010203", "x": 0.18999999999999984, "y": 2.4700000000000024, "z": 0}
{"bot_id": "0001020300010203", "x": 0.18999999999999984, "y": 2.4700000000000024, "z": 0}
{"bot_id": "0001020300010203", "x": 0.17999999999999983, "y": 2.4700000000000024, "z": 0}
{"bot_id": "0001020300010203", "x": 0.04999999999999982, "y": 2.4000000000000026, "z": 0}
{"bot_id": "0001020300010203", "x": 0.11999999999999983, "y": 2.4400000000000026, "z": 0}
{"bot_id": "0001020300010203", "x": 0.11999999999999983, "y": 2.4400000000000026, "z": 0}
{"bot_id": "0001020300010203", "x": 0.14999999999999983, "y": 2.4500000000000024, "z": 0}
{"bot_id": "0001020300010203", "x": 0.13999999999999982, "y": 2.4500000000000024, "z": 0}
{"bot_id": "0001020300010203", "x": 0.14999999999999983, "y": 2.460000000000002, "z": 0}
{"bot_id": "0001020300010203", "x": 0.10999999999999982, "y": 2.440000000000002, "z": 0}
{"bot_id": "0001020300010203", "x": 0.08999999999999982, "y": 2.4300000000000024, "z": 0}
{"bot_id": "0001020300010203", "x": 0.1299999999999998, "y": 2.440000000000002, "z": 0}
{"bot_id": "0001020300010203", "x": 0.1599999999999998, "y": 2.460000000000002, "z": 0}
{"bot_id": "0001020300010203", "x": 0.1599999999999998, "y": 2.460000000000002, "z": 0}
