{"bot_id": "0001020300010203", "x": 0.1818311758694643, "y": 2.0873409865197674, "z": 0.0}
{"bot_id": "0001020300010203", "x": 0.14546626410159297, "y": 2.076261978821271, "z": 0.0}
{"bot_id": "0001020300010203", "x": 0.26929646023579124, "y": 2.117065783303401, "z": 0.0}
{"bot_id": "0001020300010203", "x": 0.25000307973838864, "y": 2.1171460530750315, "z": 0.0}
{"bot_id": "0001020300010203", "x": 0.21931922834341416, "y": 2.1449182578246684, "z": 0.0}
{"bot_id": "0001020300010203", "x": 0.29104759412626535, "y": 2.1039297595956965, "z": 0.0}
{"bot_id": "0001020300010203", "x": 0.2135964625830446, "y": 2.119401477649694, "z": 0.0}
{"bot_id": "0001020300010203", "x": 0.22306295243771973, "y": 2.117924655280678, "z": 0.0}
{"bot_id": "0001020300010203", "x": 0.24900105295772007, "y": 2.1199505425767837, "z": 0.0}
{"bot_id": "0001020300010203", "x": 0.24293571037976824, "y": 2.124157910358499, "z": 0.0}
{"bot_id": "0001020300010203", "x": 0.2151699159394778, "y": 2.1001623022965377, "z": 0.0}
{"bot_id": "0001020300010203", "x": 0.21547144715683333, "y": 2.1093283233331634, "z": 0.0}
{"bot_id": "0001020300010203", "x": 0.21960298437123382, "y": 2.090398900083093, "z": 0.0}
{"bot_id": "0001020300010203", "x": 0.1888803225891768, "y": 2.0992432906438943, "z": 0.0}
{"bot_id": "0001020300010203", "x": 0.13800440953934023, "y": 2.084788733162898, "z": 0.0}
{"bot_id": "0001020300010203", "x": 0.215630059470509, "y": 2.0983705725218775, "z": 0.0}
{"bot_id": "0001020300010203", "x": 0.15363709446785115, "y": 2.0943915106764033, "z": 0.0}
{"bot_id": "0001020300010203", "x": 0.1690852763978713, "y": 2.089271746595572, "z": 0.0}
{"bot_id": "0001020300010203", "x": 0.19864278643312683, "y": 2.0966140478521575, "z": 0.0}
{"bot_id": "0001020300010203", "x": 0.2226511566065088, "y": 2.0879284348301996, "z": 0.0}
{"bot_id": "0001020300010203", "x": 0.22683550755479928, "y": 2.0666609781632728, "z": 0.0}
{"bot_id": "0001020300010203", "x": 0.17590595179412444, "y": 2.1075786473338125, "z": 0.0}
{"bot_id": "0001020300010203", "x": 0.13796753606153023, "y": 2.0947646434230256, "z": 0.0}
{"bot_id": "0001020300010203", "x": 0.17560323368442782, "y": 2.0849649524389005, "z": 0.0}
{"bot_id": "0001020300010203", "x": 0.2041282704245539, "y": 2.1274178297323334, "z": 0.0}
{"bot_id": "0001020300010203", "x": 0.22160367053160188, "y": 2.1135490340750995, "z": 0.0}
{"bot_id": "0001020300010203", "x": 0.24123026236836287, "y": 2.1272959915447336, "z": 0.0}
{"bot_id": "0001020300010203", "x": 0.2560456828473393, "y": 2.1140670813800906, "z": 0.0}
{"bot_id": "0001020300010203", "x": 0.2369733747607189, "y": 2.1256250794382594, "z": 0.0}
{"bot_id": "0001020300010203", "x": 0.22361735973703903, "y": 2.133581434242874, "z": 0.0}
{"bot_id": "0001020300010203", "x": 0.23109454465828325, "y": 2.139170760964715, "z": 0.0}
{"bot_id": "0001020300010203", "x": 0.23426672092007478, "y": 2.1258326430211154, "z": 0.0}
{"bot_id": "0001020300010203", "x": 0.23542994441032492, "y": 2.126209063402189, "z": 0.0}
{"bot_id": "0001020300010203", "x": 0.11357564504500964, "y": 2.104125749000298, "z": 0.0}
{"bot_id": "0001020300010203", "x": 0.20958892850518454, "y": 2.0967662201086994, "z": 0.0}
{"bot_id": "0001020300010203", "x": 0.2231730605149392, "y": 2.1027978865312122, "z": 0.0}
{"bot_id": "0001020300010203", "x": 0.19789995451795944, "y": 2.0948582983060318, "z": 0.0}
{"bot_id": "0001020300010203", "x": 0.24115364428246328, "y": 2.084262259449492, "z": 0.0}
{"bot_id": "0001020300010203", "x": 0.20463452345362715, "y": 2.122634767022488, "z": 0.0}
{"bot_id": "0001020300010203", "x": 0.1884292360064061, "y": 2.1293331326960034, "z": 0.0}
{"bot_id": "0001020300010203", "x": 0.1877359760534965, "y": 2.1115591289400735, "z": 0.0}
{"bot_id": "0001020300010203", "x": 0.2096671239571377, "y": 2.105267806479305, "z": 0.0}
{"bot_id": "0001020300010203", "x": 0.174479892161576, "y": 2.117605174436711, "z": 0.0}
{"bot_id": "0001020300010203", "x": 0.226306245047821, "y": 2.0831979438620793, "z": 0.0}
{"bot_id": "0001020300010203", "x": 0.24272863008820472, "y": 2.104481600347192, "z": 0.0}
{"bot_id": "0001020300010203", "x": 0.19406974492780946, "y": 2.1141178931363975, "z": 0.0}
{"bot_id": "0001020300010203", "x": 0.20980109407540776, "y": 2.1000590609122343, "z": 0.0}
{"bot_id": "0001020300010203", "x": 0.2287499895798367, "y": 2.1027014915012296, "z": 0.0}
{"bot_id": "0001020300010203", "x": 0.211947307014794, "y": 2.1024124143906153, "z": 0.0}
{"bot_id": "0001020300010203", "x": 0.22454880913782638, "y": 2.101972518649537, "z": 0.0}
{"bot_id": "0001020300010203", "x": 0.17446927507765786, "y": 2.1191216952425442, "z": 0.0}
{"bot_id": "0001020300010203", "x": 0.21340445566817257, "y": 2.139116321852251, "z": 0.0}
{"bot_id": "0001020300010203", "x": 0.23135720772654456, "y": 2.1351257176579894, "z": 0.0}
{"bot_id": "0001020300010203", "x": 0.22343523111129604, "y": 2.1375119800079636, "z": 0.0}
{"bot_id": "0001020300010203", "x": 0.2336093394500951, "y": 2.1371531961186037, "z": 0.0}
{"bot_id": "0001020300010203", "x": 0.24123026236836287, "y": 2.1272959915447336, "z": 0.0}
{"bot_id": "0001020300010203", "x": 0.22985443924952503, "y": 2.121290457128712, "z": 0.0}
{"bot_id": "0001020300010203", "x": 0.23786363281990414, "y": 2.1333936346877485, "z": 0.0}
{"bot_id": "0001020300010203", "x": 0.23340120288224248, "y": 2.1312602821125255, "z": 0.0}
{"bot_id": "0001020300010203", "x": 0.24262795797178838, "y": 2.1307059053116504, "z": 0.0}
{"bot_id": "0001020300010203", "x": 0.21098174412358894, "y": 2.1413967751363887, "z": 0.0}
{"bot_id": "0001020300010203", "x": 0.18775988229878576, "y": 2.106196664216019, "z": 0.0}
{"bot_id": "0001020300010203", "x": 0.15916576824575915, "y": 2.115777314128309, "z": 0.0}
{"bot_id": "0001020300010203", "x": 0.25507412416805797, "y": 2.11839626824909, "z": 0.0}
