{"bot_id": "0001020300010203", "x": 0.22000000000000006, "y": 0.5, "z": 0}
{"bot_id": "0001020300010203", "x": 0.17000000000000004, "y": 0.9999999999999999, "z": 0}
{"bot_id": "0001020300010203", "x": 0.22000000000000006, "y": 1.5000000000000002, "z": 0}
{"bot_id": "0001020300010203", "x": 0.21000000000000005, "y": 1.9800000000000006, "z": 0}
{"bot_id": "0001020300010203", "x": 0.20000000000000004, "y": 2.0100000000000007, "z": 0}
{"bot_id": "0001020300010203", "x": 0.23000000000000004, "y": 1.9700000000000006, "z": 0}
{"bot_id": "0001020300010203", "x": 0.20000000000000004, "y": 1.9800000000000006, "z": 0}
{"bot_id": "0001020300010203", "x": 0.20000000000000004, "y": 1.9800000000000006, "z": 0}
{"bot_id": "0001020300010203", "x": 0.21000000000000005, "y": 1.9900000000000007, "z": 0}
{"bot_id": "0001020300010203", "x": 0.21000000000000005, "y": 1.9900000000000007, "z": 0}
{"bot_id": "0001020300010203", "x": 0.20000000000000004, "y": 1.9500000000000006, "z": 0}
{"bot_id": "0001020300010203", "x": 0.20000000000000004, "y": 1.9700000000000006, "z": 0}
{"bot_id": "0001020300010203", "x": 0.20000000000000004, "y": 1.9500000000000006, "z": 0}
{"bot_id": "0001020300010203", "x": 0.19000000000000003, "y": 1.9600000000000006, "z": 0}
{"bot_id": "0001020300010203", "x": 0.16000000000000003, "y": 1.9300000000000006, "z": 0}
{"bot_id": "0001020300010203", "x": 0.20000000000000004, "y": 1.9500000000000006, "z": 0}
{"bot_id": "0001020300010203", "x": 0.17000000000000004, "y": 1.9500000000000006, "z": 0}
{"bot_id": "0001020300010203", "x": 0.18000000000000005, "y": 1.9300000000000006, "z": 0}
{"bot_id": "0001020300010203", "x": 0.19000000000000006, "y": 1.9500000000000006, "z": 0}
{"bot_id": "0001020300010203", "x": 0.20000000000000007, "y": 1.9500000000000006, "z": 0}
{"bot_id": "0001020300010203", "x": 0.20000000000000007, "y": 1.9300000000000006, "z": 0}
{"bot_id": "0001020300010203", "x": 0.18000000000000008, "y": 1.9600000000000006, "z": 0}
{"bot_id": "0001020300010203", "x": 0.1600000000000001, "y": 1.9400000000000006, "z": 0}
{"bot_id": "0001020300010203", "x": 0.18000000000000008, "y": 1.9400000000000006, "z": 0}
{"bot_id": "0001020300010203", "x": 0.19000000000000009, "y": 1.9900000000000007, "z": 0}
{"bot_id": "0001020300010203", "x": 0.2000000000000001, "y": 1.9800000000000006, "z": 0}
{"bot_id": "0001020300010203", "x": 0.2100000000000001, "y": 1.9900000000000007, "z": 0}
{"bot_id": "0001020300010203", "x": 0.2200000000000001, "y": 1.9800000000000006, "z": 0}
{"bot_id": "0001020300010203", "x": 0.2100000000000001, "y": 1.9900000000000007, "z": 0}
{"bot_id": "0001020300010203", "x": 0.2000000000000001, "y": 2.0000000000000004, "z": 0}
{"bot_id": "0001020300010203", "x": 0.2000000000000001, "y": 2.0000000000000004, "z": 0}
{"bot_id": "0001020300010203", "x": 0.2100000000000001, "y": 1.9900000000000004, "z": 0}
{"bot_id": "0001020300010203", "x": 0.2100000000000001, "y": 1.9900000000000004, "z": 0}
{"bot_id": "0001020300010203", "x": 0.1500000000000001, "y": 1.9300000000000004, "z": 0}
{"bot_id": "0001020300010203", "x": 0.20000000000000012, "y": 1.9500000000000004, "z": 0}
{"bot_id": "0001020300010203", "x": 0.20000000000000012, "y": 1.9600000000000004, "z": 0}
{"bot_id": "0001020300010203", "x": 0.1900000000000001, "y": 1.9500000000000004, "z": 0}
{"bot_id": "0001020300010203", "x": 0.2100000000000001, "y": 1.9400000000000004, "z": 0}
{"bot_id": "0001020300010203", "x": 0.1900000000000001, "y": 1.9800000000000004, "z": 0}
{"bot_id": "0001020300010203", "x": 0.1800000000000001, "y": 1.9900000000000004, "z": 0}
{"bot_id": "0001020300010203", "x": 0.1900000000000001, "y": 1.9700000000000004, "z": 0}
{"bot_id": "0001020300010203", "x": 0.20000000000000012, "y": 1.9600000000000004, "z": 0}
{"bot_id": "0001020300010203", "x": 0.18000000000000013, "y": 1.9700000000000004, "z": 0}
{"bot_id": "0001020300010203", "x": 0.20000000000000012, "y": 1.9400000000000004, "z": 0}
{"bot_id": "0001020300010203", "x": 0.21000000000000013, "y": 1.9700000000000004, "z": 0}
{"bot_id": "0001020300010203", "x": 0.19000000000000014, "y": 1.9700000000000004, "z": 0}
{"bot_id": "0001020300010203", "x": 0.20000000000000015, "y": 1.9600000000000004, "z": 0}
{"bot_id": "0001020300010203", "x": 0.20000000000000015, "y": 1.9600000000000004, "z": 0}
{"bot_id": "0001020300010203", "x": 0.20000000000000015, "y": 1.9600000000000004, "z": 0}
{"bot_id": "0001020300010203", "x": 0.20000000000000015, "y": 1.9600000000000004, "z": 0}
{"bot_id": "0001020300010203", "x": 0.18000000000000016, "y": 1.9700000000000004, "z": 0}
{"bot_id": "0001020300010203", "x": 0.19000000000000017, "y": 2.0000000000000004, "z": 0}
{"bot_id": "0001020300010203", "x": 0.21000000000000016, "y": 2.0000000000000004, "z": 0}
{"bot_id": "0001020300010203", "x": 0.20000000000000015, "y": 2.0000000000000004, "z": 0}
{"bot_id": "0001020300010203", "x": 0.21000000000000016, "y": 2.0000000000000004, "z": 0}
{"bot_id": "0001020300010203", "x": 0.21000000000000016, "y": 1.9900000000000004, "z": 0}
{"bot_id": "0001020300010203", "x": 0.20000000000000015, "y": 1.9900000000000004, "z": 0}
{"bot_id": "0001020300010203", "x": 0.21000000000000016, "y": 2.0000000000000004, "z": 0}
{"bot_id": "0001020300010203", "x": 0.21000000000000016, "y": 1.9900000000000004, "z": 0}
{"bot_id": "0001020300010203", "x": 0.21000000000000016, "y": 1.9900000000000004, "z": 0}
{"bot_id": "0001020300010203", "x": 0.19000000000000017, "y": 2.0000000000000004, "z": 0}
{"bot_id": "0001020300010203", "x": 0.19000000000000017, "y": 1.9600000000000004, "z": 0}
{"bot_id": "0001020300010203", "x": 0.17000000000000018, "y": 1.9700000000000004, "z": 0}
{"bot_id": "0001020300010203", "x": 0.2200000000000002, "y": 1.9800000000000004, "z": 0}
{"bot_id": "0001020300010203", "x": 0.1700000000000002, "y": 1.9700000000000004, "z": 0}
{"bot_id": "0001020300010203", "x": 0.2000000000000002, "y": 1.9800000000000004, "z": 0}
{"bot_id": "0001020300010203", "x": 0.21000000000000021, "y": 1.9800000000000004, "z": 0}
{"bot_id": "0001020300010203", "x": 0.2000000000000002, "y": 2.0000000000000004, "z": 0}
{"bot_id": "0001020300010203", "x": 0.1900000000000002, "y": 1.9900000000000004, "z": 0}
{"bot_id": "0001020300010203", "x": 0.2000000000000002, "y": 2.0000000000000004, "z": 0}
{"bot_id": "0001020300010203", "x": 0.2000000000000002, "y": 2.0000000000000004, "z": 0}
