{"bot_id": "0001020300010203", "x": 0.7849535471364301, "y": 0.2701297861969033, "z": 0.0}
{"bot_id": "0001020300010203", "x": 0.8428951964342002, "y": 0.2851048035658, "z": 0.0}
{"bot_id": "0001020300010203", "x": 0.7883825001846643, "y": 0.27514999984611294, "z": 0.0}
{"bot_id": "0001020300010203", "x": 0.7829076704450295, "y": 0.26509232955497036, "z": 0.0}
{"bot_id": "0001020300010203", "x": 0.7829076704450295, "y": 0.26509232955497036, "z": 0.0}
{"bot_id": "0001020300010203", "x": 0.846355002911544, "y": 0.2900827758367486, "z": 0.0}
{"bot_id": "0001020300010203", "x": 0.8448387708568953, "y": 0.29007789580977134, "z": 0.0}
{"bot_id": "0001020300010203", "x": 0.7849535471364301, "y": 0.2701297861969033, "z": 0.0}
{"bot_id": "0001020300010203", "x": 0.7829076704450295, "y": 0.26509232955497036, "z": 0.0}
{"bot_id": "0001020300010203", "x": 0.7829076704450295, "y": 0.26509232955497036, "z": 0.0}
{"bot_id": "0001020300010203", "x": 0.7849535471364301, "y": 0.2701297861969033, "z": 0.0}
{"bot_id": "0001020300010203", "x": 0.7868549468539121, "y": 0.2751450531460878, "z": 0.0}
{"bot_id": "0001020300010203", "x": 0.7829076704450295, "y": 0.26509232955497036, "z": 0.0}
{"bot_id": "0001020300010203", "x": 0.8443324648058372, "y": 0.28511002639562205, "z": 0.0}
{"bot_id": "0001020300010203", "x": 0.7829076704450295, "y": 0.26509232955497036, "z": 0.0}
{"bot_id": "0001020300010203", "x": 0.7883825001846643, "y": 0.27514999984611294, "z": 0.0}
