{"bot_id": "0001020300010203", "x": 0.9072743116554566, "y": 2.074271710954025, "z": 0.0}
{"bot_id": "0001020300010203", "x": 0.9093738729529286, "y": 2.075295553076857, "z": 0.0}
{"bot_id": "0001020300010203", "x": 0.9104055004728547, "y": 2.075798461593836, "z": 0.0}
{"bot_id": "0001020300010203", "x": 0.9256480427940803, "y": 2.08586433476507, "z": 0.0}
{"bot_id": "0001020300010203", "x": 0.9091838255468925, "y": 2.067541289283663, "z": 0.0}
{"bot_id": "0001020300010203", "x": 0.9062063806936589, "y": 2.0737507779602904, "z": 0.0}
{"bot_id": "0001020300010203", "x": 0.9072743116554566, "y": 2.074271710954025, "z": 0.0}
{"bot_id": "0001020300010203", "x": 0.9104055004728547, "y": 2.075798461593836, "z": 0.0}
{"bot_id": "0001020300010203", "x": 0.9093738729529286, "y": 2.075295553076857, "z": 0.0}
{"bot_id": "0001020300010203", "x": 0.9062063806936589, "y": 2.0737507779602904, "z": 0.0}
