{"bot_id": "0001020300010203", "x": -0.5, "y": 0.5, "z": 0}
{"bot_id": "0001020300010203", "x": -0.9099999999999999, "y": 0.9999999999999999, "z": 0}
{"bot_id": "0001020300010203", "x": -0.6199999999999999, "y": 1.5000000000000002, "z": 0}
{"bot_id": "0001020300010203", "x": -0.5999999999999999, "y": 1.6900000000000004, "z": 0}
{"bot_id": "0001020300010203", "x": -0.5999999999999999, "y": 1.6900000000000004, "z": 0}
{"bot_id": "0001020300010203", "x": -0.5999999999999999, "y": 1.6900000000000004, "z": 0}
{"bot_id": "0001020300010203", "x": -0.6199999999999999, "y": 1.7400000000000004, "z": 0}
{"bot_id": "0001020300010203", "x": -0.6199999999999999, "y": 1.7400000000000004, "z": 0}
{"bot_id": "0001020300010203", "x": -0.6199999999999999, "y": 1.7400000000000004, "z": 0}
{"bot_id": "0001020300010203", "x": -0.6199999999999999, "y": 1.7400000000000004, "z": 0}
{"bot_id": "0001020300010203", "x": -0.6499999999999999, "y": 1.8100000000000005, "z": 0}
{"bot_id": "0001020300010203", "x": -0.6499999999999999, "y": 1.8100000000000005, "z": 0}
{"bot_id": "0001020300010203", "x": -0.6499999999999999, "y": 1.8100000000000005, "z": 0}
{"bot_id": "0001020300010203", "x": -0.6499999999999999, "y": 1.8100000000000005, "z": 0}
{"bot_id": "0001020300010203", "x": -0.5799999999999998, "y": 1.6300000000000003, "z": 0}
{"bot_id": "0001020300010203", "x": -0.5799999999999998, "y": 1.6300000000000003, "z": 0}
{"bot_id": "0001020300010203", "x": -0.5799999999999998, "y": 1.6300000000000003, "z": 0}
{"bot_id": "0001020300010203", "x": -0.5799999999999998, "y": 1.6300000000000003, "z": 0}
{"bot_id": "0001020300010203", "x": -0.6199999999999999, "y": 1.7400000000000004, "z": 0}
{"bot_id": "0001020300010203", "x": -0.6199999999999999, "y": 1.7400000000000004, "z": 0}
{"bot_id": "0001020300010203", "x": -0.6199999999999999, "y": 1.7400000000000004, "z": 0}
{"bot_id": "0001020300010203", "x": -0.6199999999999999, "y": 1.7400000000000004, "z": 0}
{"bot_id": "0001020300010203", "x": -0.6499999999999999, "y": 1.8100000000000005, "z": 0}
{"bot_id": "0001020300010203", "x": -0.6499999999999999, "y": 1.8100000000000005, "z": 0}
{"bot_id": "0001020300010203", "x": -0.6499999999999999, "y": 1.8100000000000005, "z": 0}
{"bot_id": "0001020300010203", "x": -0.6499999999999999, "y": 1.8100000000000005, "z": 0}
{"bot_id": "0001020300010203", "x": -0.5999999999999999, "y": 1.6900000000000004, "z": 0}
{"bot_id": "0001020300010203", "x": -0.5999999999999999, "y": 1.6900000000000004, "z": 0}
{"bot_id": "0001020300010203", "x": -0.5999999999999999, "y": 1.6900000000000004, "z": 0}
{"bot_id": "0001020300010203", "x": -0.5999999999999999, "y": 1.6900000000000004, "z": 0}
{"bot_id": "0001020300010203", "x": -0.5999999999999999, "y": 1.6900000000000004, "z": 0}
{"bot_id": "0001020300010203", "x": -0.5999999999999999, "y": 1.6900000000000004, "z": 0}
{"bot_id": "0001020300010203", "x": -0.5999999999999999, "y": 1.6900000000000004, "z": 0}
{"bot_id": "0001020300010203", "x": -0.5999999999999999, "y": 1.6900000000000004, "z": 0}
{"bot_id": "0001020300010203", "x": -0.5899999999999999, "y": 1.6500000000000004, "z": 0}
{"bot_id": "0001020300010203", "x": -0.5899999999999999, "y": 1.6500000000000004, "z": 0}
{"bot_id": "0001020300010203", "x": -0.5899999999999999, "y": 1.6500000000000004, "z": 0}
{"bot_id": "0001020300010203", "x": -0.5899999999999999, "y": 1.6500000000000004, "z": 0}
{"bot_id": "0001020300010203", "x": -0.5999999999999999, "y": 1.6900000000000004, "z": 0}
{"bot_id": "0001020300010203", "x": -0.5999999999999999, "y": 1.6900000000000004, "z": 0}
{"bot_id": "0001020300010203", "x": -0.5999999999999999, "y": 1.6900000000000004, "z": 0}
{"bot_id": "0001020300010203", "x": -0.5999999999999999, "y": 1.6900000000000004, "z": 0}
{"bot_id": "0001020300010203", "x": -0.6499999999999999, "y": 1.8300000000000005, "z": 0}
{"bot_id": "0001020300010203", "x": -0.6499999999999999, "y": 1.8300000000000005, "z": 0}
{"bot_id": "0001020300010203", "x": -0.6499999999999999, "y": 1.8300000000000005, "z": 0}
{"bot_id": "0001020300010203", "x": -0.6499999999999999, "y": 1.8300000000000005, "z": 0}
{"bot_id": "0001020300010203", "x": -0.5999999999999999, "y": 1.6900000000000004, "z": 0}
{"bot_id": "0001020300010203", "x": -0.5999999999999999, "y": 1.6900000000000004, "z": 0}
{"bot_id": "0001020300010203", "x": -0.5999999999999999, "y": 1.6900000000000004, "z": 0}
{"bot_id": "0001020300010203", "x": -0.5999999999999999, "y": 1.6900000000000004, "z": 0}
{"bot_id": "0001020300010203", "x": -0.6499999999999999, "y": 1.8100000000000005, "z": 0}
{"bot_id": "0001020300010203", "x": -0.6499999999999999, "y": 1.8100000000000005, "z": 0}
{"bot_id": "0001020300010203", "x": -0.6499999999999999, "y": 1.8100000000000005, "z": 0}
{"bot_id": "0001020300010203", "x": -0.6499999999999999, "y": 1.8100000000000005, "z": 0}
