{"bot_id": "0001020300010203", "x": -0.5, "y": -0.31000000000000005, "z": 0}
{"bot_id": "0001020300010203", "x": -0.9999999999999999, "y": 0.18999999999999997, "z": 0}
{"bot_id": "0001020300010203", "x": -1.35, "y": 0.69, "z": 0}
{"bot_id": "0001020300010203", "x": -1.35, "y": 0.69, "z": 0}
{"bot_id": "0001020300010203", "x": -1.35, "y": 0.69, "z": 0}
{"bot_id": "0001020300010203", "x": -1.8500000000000005, "y": 0.19000000000000003, "z": 0}
{"bot_id": "0001020300010203", "x": -2.350000000000001, "y": -0.31, "z": 0}
{"bot_id": "0001020300010203", "x": -2.6700000000000013, "y": -0.66, "z": 0}
{"bot_id": "0001020300010203", "x": -2.6700000000000013, "y": -0.66, "z": 0}
{"bot_id": "0001020300010203", "x": -2.4800000000000013, "y": -0.4700000000000001, "z": 0}
{"bot_id": "0001020300010203", "x": -2.4800000000000013, "y": -0.4700000000000001, "z": 0}
{"bot_id": "0001020300010203", "x": -2.180000000000001, "y": -0.17000000000000012, "z": 0}
{"bot_id": "0001020300010203", "x": -2.180000000000001, "y": -0.17000000000000012, "z": 0}
{"bot_id": "0001020300010203", "x": -2.180000000000001, "y": -0.17000000000000012, "z": 0}
{"bot_id": "0001020300010203", "x": -2.180000000000001, "y": -0.17000000000000012, "z": 0}
{"bot_id": "0001020300010203", "x": -2.6800000000000015, "y": -0.67, "z": 0}
{"bot_id": "0001020300010203", "x": -3.180000000000002, "y": -1.1700000000000002, "z": 0}
{"bot_id": "0001020300010203", "x": -3.310000000000002, "y": -1.3200000000000003, "z": 0}
{"bot_id": "0001020300010203", "x": -3.310000000000002, "y": -1.3200000000000003, "z": 0}
{"bot_id": "0001020300010203", "x": -2.8100000000000014, "y": -0.8200000000000001, "z": 0}
{"bot_id": "0001020300010203", "x": -2.310000000000001, "y": -0.3200000000000002, "z": 0}
{"bot_id": "0001020300010203", "x": -2.8100000000000014, "y": -0.8200000000000001, "z": 0}
{"bot_id": "0001020300010203", "x": -3.0000000000000013, "y": -0.99, "z": 0}
{"bot_id": "0001020300010203", "x": -2.780000000000001, "y": -0.77, "z": 0}
{"bot_id": "0001020300010203", "x": -2.780000000000001, "y": -0.77, "z": 0}
{"bot_id": "0001020300010203", "x": -2.2800000000000007, "y": -0.27000000000000013, "z": 0}
{"bot_id": "0001020300010203", "x": -2.2200000000000006, "y": -0.20000000000000012, "z": 0}
{"bot_id": "0001020300010203", "x": -2.2200000000000006, "y": -0.20000000000000012, "z": 0}
